{"cameraMode":{"drawMode":0,"name":"Shaded","section":"Shading Mode"},"sceneLighting":false,"audioPlay":false,"sceneViewState":{"m_AlwaysRefresh":false,"showFog":true,"showSkybox":false,"showFlares":true,"showImageEffects":true,"showParticleSystems":true,"showVisualEffectGraphs":true,"m_FxEnabled":true},"in2DMode":false,"pivot":{"x":-0.18135958909988404,"y":0.4328872561454773,"z":-1.8837957382202149},"rotation":{"x":0.18603363633155824,"y":-0.5575234889984131,"z":0.1298825591802597,"w":0.798557460308075},"size":0.4747980237007141,"orthographic":false}