{"cameraMode":{"drawMode":0,"name":"Shaded","section":"Shading Mode"},"sceneLighting":false,"audioPlay":false,"sceneViewState":{"m_AlwaysRefresh":false,"showFog":true,"showSkybox":false,"showFlares":true,"showImageEffects":true,"showParticleSystems":true,"showVisualEffectGraphs":true,"m_FxEnabled":true},"in2DMode":false,"pivot":{"x":0.04709234833717346,"y":1.0033456087112427,"z":-0.02263025939464569},"rotation":{"x":0.27452346682548525,"y":0.6143606305122376,"z":-0.24102015793323518,"w":0.6994216442108154},"size":0.23228925466537476,"orthographic":false}