{"cameraMode":{"drawMode":0,"name":"Shaded","section":"Shading Mode"},"sceneLighting":false,"audioPlay":false,"sceneViewState":{"m_AlwaysRefresh":false,"showFog":true,"showSkybox":false,"showFlares":true,"showImageEffects":true,"showParticleSystems":true,"showVisualEffectGraphs":true,"m_FxEnabled":true},"in2DMode":false,"pivot":{"x":0.4130735993385315,"y":1.0981941223144532,"z":-0.024576418101787568},"rotation":{"x":0.16131578385829926,"y":0.643360435962677,"z":-0.1415027678012848,"w":0.7350243926048279},"size":0.4354170560836792,"orthographic":false}