{"cameraMode":{"drawMode":0,"name":"Shaded","section":"Shading Mode"},"sceneLighting":false,"audioPlay":false,"sceneViewState":{"m_AlwaysRefresh":false,"showFog":true,"showSkybox":false,"showFlares":true,"showImageEffects":true,"showParticleSystems":true,"showVisualEffectGraphs":true,"m_FxEnabled":true},"in2DMode":false,"pivot":{"x":0.002107866108417511,"y":0.012372616678476334,"z":0.03607068955898285},"rotation":{"x":0.15440741181373597,"y":-0.72368323802948,"z":0.17150263488292695,"w":0.6506153345108032},"size":0.029891062527894975,"orthographic":false}