{"cameraMode":{"drawMode":0,"name":"Shaded","section":"Shading Mode"},"sceneLighting":false,"audioPlay":false,"sceneViewState":{"m_AlwaysRefresh":false,"showFog":true,"showSkybox":false,"showFlares":true,"showImageEffects":true,"showParticleSystems":true,"showVisualEffectGraphs":true,"m_FxEnabled":true},"in2DMode":false,"pivot":{"x":17.21440887451172,"y":-1.8732459545135499,"z":1.3523752689361573},"rotation":{"x":-0.01881534419953823,"y":-0.9811711311340332,"z":0.13317690789699555,"w":-0.13861772418022157},"size":13.207229614257813,"orthographic":false}