{"cameraMode":{"drawMode":0,"name":"Shaded","section":"Shading Mode"},"sceneLighting":false,"audioPlay":false,"sceneViewState":{"m_AlwaysRefresh":false,"showFog":true,"showSkybox":false,"showFlares":true,"showImageEffects":true,"showParticleSystems":true,"showVisualEffectGraphs":true,"m_FxEnabled":true},"in2DMode":false,"pivot":{"x":-11.859424591064454,"y":10.101685523986817,"z":2.9864368438720705},"rotation":{"x":-0.09787176549434662,"y":0.6099864840507507,"z":-0.07628114521503449,"w":-0.7826363444328308},"size":32.765079498291019,"orthographic":false}