{"cameraMode":{"drawMode":0,"name":"Shaded","section":"Shading Mode"},"sceneLighting":false,"audioPlay":false,"sceneViewState":{"m_AlwaysRefresh":false,"showFog":true,"showSkybox":false,"showFlares":true,"showImageEffects":true,"showParticleSystems":true,"showVisualEffectGraphs":true,"m_FxEnabled":true},"in2DMode":false,"pivot":{"x":-10.913999557495118,"y":0.565500020980835,"z":0.007499992847442627},"rotation":{"x":-0.10968346148729325,"y":0.7839971780776978,"z":-0.14573486149311067,"w":-0.5936241745948792},"size":0.5286720991134644,"orthographic":true}