{"cameraMode":{"drawMode":0,"name":"Shaded","section":"Shading Mode"},"sceneLighting":false,"audioPlay":false,"sceneViewState":{"m_AlwaysRefresh":false,"showFog":true,"showSkybox":false,"showFlares":true,"showImageEffects":true,"showParticleSystems":true,"showVisualEffectGraphs":true,"m_FxEnabled":true},"in2DMode":false,"pivot":{"x":-0.0003051823005080223,"y":0.654160737991333,"z":0.0030613807030022146},"rotation":{"x":-0.004480982664972544,"y":0.994394838809967,"z":-0.09337754547595978,"w":-0.05240100994706154},"size":0.6544191837310791,"orthographic":false}