{"cameraMode":{"drawMode":0,"name":"Shaded","section":"Shading Mode"},"sceneLighting":false,"audioPlay":false,"sceneViewState":{"m_AlwaysRefresh":false,"showFog":true,"showSkybox":false,"showFlares":true,"showImageEffects":true,"showParticleSystems":true,"showVisualEffectGraphs":true,"m_FxEnabled":true},"in2DMode":false,"pivot":{"x":-0.624558687210083,"y":0.4649553894996643,"z":-0.8218833208084106},"rotation":{"x":0.08557385951280594,"y":-0.6957467198371887,"z":0.08406922966241837,"w":0.7082005739212036},"size":1.2216013669967652,"orthographic":false}