{"cameraMode":{"drawMode":0,"name":"Shaded","section":"Shading Mode"},"sceneLighting":false,"audioPlay":false,"sceneViewState":{"m_AlwaysRefresh":false,"showFog":true,"showSkybox":false,"showFlares":true,"showImageEffects":true,"showParticleSystems":true,"showVisualEffectGraphs":true,"m_FxEnabled":true},"in2DMode":false,"pivot":{"x":0.06478115916252136,"y":1.003724455833435,"z":-0.009812012314796448},"rotation":{"x":-0.10604880005121231,"y":-0.5971107482910156,"z":0.07961873710155487,"w":-0.7913036942481995},"size":0.109121173620224,"orthographic":false}