{"cameraMode":{"drawMode":0,"name":"Shaded","section":"Shading Mode"},"sceneLighting":false,"audioPlay":false,"sceneViewState":{"m_AlwaysRefresh":false,"showFog":true,"showSkybox":false,"showFlares":true,"showImageEffects":true,"showParticleSystems":true,"showVisualEffectGraphs":true,"m_FxEnabled":true},"in2DMode":false,"pivot":{"x":0.27747541666030886,"y":0.8766657114028931,"z":-0.3363192677497864},"rotation":{"x":-0.06440814584493637,"y":-0.9161511659622192,"z":0.16244657337665559,"w":-0.361134797334671},"size":0.42630383372306826,"orthographic":false}