{"cameraMode":{"drawMode":0,"name":"Shaded","section":"Shading Mode"},"sceneLighting":false,"audioPlay":false,"sceneViewState":{"m_AlwaysRefresh":false,"showFog":true,"showSkybox":false,"showFlares":true,"showImageEffects":true,"showParticleSystems":true,"showVisualEffectGraphs":true,"m_FxEnabled":true},"in2DMode":false,"pivot":{"x":-0.00030517578125,"y":0.6541605591773987,"z":0.0030613630078732969},"rotation":{"x":0.043063387274742129,"y":-0.7840455174446106,"z":0.05438128113746643,"w":0.6169911026954651},"size":0.7437793016433716,"orthographic":false}