{"cameraMode":{"drawMode":0,"name":"Shaded","section":"Shading Mode"},"sceneLighting":false,"audioPlay":false,"sceneViewState":{"m_AlwaysRefresh":false,"showFog":true,"showSkybox":false,"showFlares":true,"showImageEffects":true,"showParticleSystems":true,"showVisualEffectGraphs":true,"m_FxEnabled":true},"in2DMode":false,"pivot":{"x":13.549089431762696,"y":2.872976064682007,"z":1.9241981506347657},"rotation":{"x":0.010405034758150578,"y":-0.8801337480545044,"z":0.018836582079529764,"w":0.4744667112827301},"size":11.327434539794922,"orthographic":false}