{"cameraMode":{"drawMode":0,"name":"Shaded","section":"Shading Mode"},"sceneLighting":false,"audioPlay":false,"sceneViewState":{"m_AlwaysRefresh":false,"showFog":true,"showSkybox":false,"showFlares":true,"showImageEffects":true,"showParticleSystems":true,"showVisualEffectGraphs":true,"m_FxEnabled":true},"in2DMode":false,"pivot":{"x":0.036184560507535937,"y":1.0509209632873536,"z":0.02067527547478676},"rotation":{"x":0.019964342936873437,"y":-0.6358684301376343,"z":-0.01642785780131817,"w":-0.7714751362800598},"size":0.1385692059993744,"orthographic":false}