{"cameraMode":{"drawMode":0,"name":"Shaded","section":"Shading Mode"},"sceneLighting":false,"audioPlay":false,"sceneViewState":{"m_AlwaysRefresh":false,"showFog":true,"showSkybox":false,"showFlares":true,"showImageEffects":true,"showParticleSystems":true,"showVisualEffectGraphs":true,"m_FxEnabled":true},"in2DMode":false,"pivot":{"x":0.1188054084777832,"y":0.38230207562446597,"z":0.30068379640579226},"rotation":{"x":-0.059277210384607318,"y":-0.5865355134010315,"z":0.04329508915543556,"w":-0.8067224621772766},"size":1.5750759840011597,"orthographic":false}