{"cameraMode":{"drawMode":0,"name":"Shaded","section":"Shading Mode"},"sceneLighting":false,"audioPlay":false,"sceneViewState":{"m_AlwaysRefresh":false,"showFog":true,"showSkybox":false,"showFlares":true,"showImageEffects":true,"showParticleSystems":true,"showVisualEffectGraphs":true,"m_FxEnabled":true},"in2DMode":false,"pivot":{"x":1.5337822437286378,"y":0.4751231074333191,"z":-0.07566611468791962},"rotation":{"x":0.12163252383470535,"y":0.7073156237602234,"z":-0.12560643255710603,"w":0.6849349141120911},"size":1.162467122077942,"orthographic":false}