{"cameraMode":{"drawMode":0,"name":"Shaded","section":"Shading Mode"},"sceneLighting":false,"audioPlay":false,"sceneViewState":{"m_AlwaysRefresh":false,"showFog":true,"showSkybox":false,"showFlares":true,"showImageEffects":true,"showParticleSystems":true,"showVisualEffectGraphs":true,"m_FxEnabled":true},"in2DMode":false,"pivot":{"x":-0.018159210681915284,"y":0.47070327401161196,"z":-0.653171956539154},"rotation":{"x":0.017562158405780793,"y":-0.9794381856918335,"z":0.17544662952423097,"w":0.09804268181324005},"size":0.7223486304283142,"orthographic":false}