{"cameraMode":{"drawMode":0,"name":"Shaded","section":"Shading Mode"},"sceneLighting":false,"audioPlay":false,"sceneViewState":{"m_AlwaysRefresh":false,"showFog":true,"showSkybox":false,"showFlares":true,"showImageEffects":true,"showParticleSystems":true,"showVisualEffectGraphs":true,"m_FxEnabled":true},"in2DMode":false,"pivot":{"x":-1.4862757921218873,"y":0.20435544848442079,"z":-0.22099760174751283},"rotation":{"x":-0.04716923087835312,"y":0.7532129287719727,"z":-0.054027434438467029,"w":-0.6540774703025818},"size":1.2685844898223878,"orthographic":false}