{"cameraMode":{"drawMode":0,"name":"Shaded","section":"Shading Mode"},"sceneLighting":false,"audioPlay":false,"sceneViewState":{"m_AlwaysRefresh":false,"showFog":true,"showSkybox":false,"showFlares":true,"showImageEffects":true,"showParticleSystems":true,"showVisualEffectGraphs":true,"m_FxEnabled":true},"in2DMode":false,"pivot":{"x":-1.0201746225357056,"y":0.7081197500228882,"z":-1.8023509979248047},"rotation":{"x":-0.0007709690253250301,"y":0.9956279993057251,"z":-0.093045175075531,"w":-0.00824874546378851},"size":1.9961650371551514,"orthographic":false}