{"cameraMode":{"drawMode":0,"name":"Shaded","section":"Shading Mode"},"sceneLighting":false,"audioPlay":false,"sceneViewState":{"m_AlwaysRefresh":false,"showFog":true,"showSkybox":false,"showFlares":true,"showImageEffects":true,"showParticleSystems":true,"showVisualEffectGraphs":true,"m_FxEnabled":true},"in2DMode":false,"pivot":{"x":0.09904639422893524,"y":0.9143358469009399,"z":0.21362748742103578},"rotation":{"x":-0.1957959085702896,"y":-0.09302785992622376,"z":0.018661076202988626,"w":-0.9760427474975586},"size":0.2800637483596802,"orthographic":false}