{"cameraMode":{"drawMode":0,"name":"Shaded","section":"Shading Mode"},"sceneLighting":false,"audioPlay":false,"sceneViewState":{"m_AlwaysRefresh":false,"showFog":true,"showSkybox":false,"showFlares":true,"showImageEffects":true,"showParticleSystems":true,"showVisualEffectGraphs":true,"m_FxEnabled":true},"in2DMode":false,"pivot":{"x":3.4099068641662599,"y":-10.032114028930664,"z":-40.200374603271487},"rotation":{"x":0.012930215336382389,"y":0.977537214756012,"z":-0.20121698081493379,"w":0.06311580538749695},"size":24.20406723022461,"orthographic":false}